33,"Description"," "
34,"Guruprasad","120"
35,"Itemname","machine"
36,"Quantity","abc"
37,"prashant.pm@peolsolutions.com","100"
38,"Unit","200"
39,"Itemname",""
40,"Description",""
41,"Quantity",""
42,"Unit",""
43,"Guruprasad","54"
44,"Supplier_Demo2","32"
45,"Itemname",""
46,"Description",""
47,"Quantity",""
48,"Unit",""
49,"Guruprasad","32"
50,"Supplier_Demo2","32"
51,"Itemname",""
52,"Description",""
53,"Quantity",""
54,"Unit",""
55,"Guruprasad","32"
56,"Supplier_Demo2","12"
57,"Itemname",""
58,"Description",""
59,"Quantity",""
60,"Unit",""
61,"Guruprasad","76"
62,"Supplier_Demo2","12"
63,"Itemname",""
64,"Description",""
65,"Quantity",""
66,"Unit",""
67,"Guruprasad","7"
68,"Supplier_Demo2","2"
69,"Itemname",""
70,"Description",""
71,"Quantity",""
72,"Unit",""
73,"Guruprasad","23"
74,"Supplier_Demo2","32"
75,"Guruptasad","23"
76,"Itemname",""
77,"Description",""
78,"Quantity",""
79,"Unit",""
80,"Guruprasad","100"
81,"Supplier_Demo2","200"
82,"Itemname",""
83,"Description",""
84,"Quantity",""
85,"Unit",""
86,"Guruprasad","98"
87,"Supplier_Demo2","87"
88,"Itemname",""
89,"Description",""
90,"Quantity",""
91,"Unit",""
92,"Guruprasad","43"
93,"Supplier_Demo2","21"
